gen,best_mse_domain,best_mse_boundary,best_total_mse,best_val_mse
0,0.266184,0,0.266184,0.000517985
1,0.218915,0,0.218915,1.44591e-05
2,0.215899,0,0.215899,1.29949e-05
3,0.214023,0,0.214023,5.68853e-06
4,0.213564,0,0.213564,5.68853e-06
5,0.213494,0,0.213494,5.68853e-06
6,0.213484,0,0.213484,5.68853e-06
7,0.213482,0,0.213482,5.68853e-06
8,0.213488,0,0.213488,5.68853e-06
9,0.213483,0,0.213483,5.68853e-06
10,0.213482,0,0.213482,5.68853e-06
11,0.213482,0,0.213482,5.68853e-06
12,0.213482,0,0.213482,5.68853e-06
13,0.213482,0,0.213482,5.68853e-06
14,0.213482,0,0.213482,5.68853e-06
15,0.213482,0,0.213482,5.68853e-06
16,0.213482,0,0.213482,5.68853e-06
17,0.213482,0,0.213482,5.68853e-06
18,0.213482,0,0.213482,5.68853e-06
19,0.213482,0,0.213482,5.68853e-06
20,0.213482,0,0.213482,5.68853e-06
21,0.213482,0,0.213482,5.68853e-06
22,0.213482,0,0.213482,5.68853e-06
23,0.213482,0,0.213482,5.68853e-06
24,0.213482,0,0.213482,5.68853e-06
25,0.688256,0,0.688256,5.68853e-06
26,0.693788,0,0.693788,5.68853e-06
27,0.686547,0,0.686547,5.68853e-06
28,0.648387,0,0.648387,5.68853e-06
29,0.640003,0,0.640003,5.68853e-06
30,0.387912,0,0.387912,5.68853e-06
31,0.387912,0,0.387912,5.68853e-06
32,0.387912,0,0.387912,5.68853e-06
33,0.387912,0,0.387912,5.68853e-06
34,0.387912,0,0.387912,5.68853e-06
35,0.387912,0,0.387912,5.68853e-06
36,0.387913,0,0.387913,5.68853e-06
37,0.387912,0,0.387912,5.68853e-06
38,0.387912,0,0.387912,5.68853e-06
39,0.387912,0,0.387912,5.68853e-06
40,0.387912,0,0.387912,5.68853e-06
41,0.387912,0,0.387912,5.68853e-06
42,0.387912,0,0.387912,5.68853e-06
43,0.387912,0,0.387912,5.68853e-06
44,0.387912,0,0.387912,5.68853e-06
45,0.387912,0,0.387912,5.68853e-06
46,0.387912,0,0.387912,5.68853e-06
47,0.387912,0,0.387912,5.68853e-06
48,0.387912,0,0.387912,5.68853e-06
49,0.387912,0,0.387912,5.68853e-06
50,0.581498,0,0.581498,5.68853e-06
51,0.581498,0,0.581498,5.68853e-06
52,0.581498,0,0.581498,5.68853e-06
53,0.51267,0,0.51267,5.68853e-06
54,0.512648,0,0.512648,5.68853e-06
55,0.512648,0,0.512648,5.68853e-06
56,0.512648,0,0.512648,5.68853e-06
57,0.512648,0,0.512648,5.68853e-06
58,0.512648,0,0.512648,5.68853e-06
59,0.512648,0,0.512648,5.68853e-06
60,0.512648,0,0.512648,5.68853e-06
61,0.512648,0,0.512648,5.68853e-06
62,0.512648,0,0.512648,5.68853e-06
63,0.512648,0,0.512648,5.68853e-06
64,0.512648,0,0.512648,5.68853e-06
65,0.512648,0,0.512648,5.68853e-06
66,0.512648,0,0.512648,5.68853e-06
67,0.512649,0,0.512649,5.68853e-06
68,0.512648,0,0.512648,5.68853e-06
69,0.512648,0,0.512648,5.68853e-06
70,0.512648,0,0.512648,5.68853e-06
71,0.512648,0,0.512648,5.68853e-06
72,0.512648,0,0.512648,5.68853e-06
73,0.512648,0,0.512648,5.68853e-06
74,0.512648,0,0.512648,5.68853e-06
75,0.67093,0,0.67093,5.68853e-06
76,0.67093,0,0.67093,5.68853e-06
77,0.67093,0,0.67093,5.68853e-06
78,0.67093,0,0.67093,5.68853e-06
79,0.67093,0,0.67093,5.68853e-06
80,0.67093,0,0.67093,5.68853e-06
81,0.67093,0,0.67093,5.68853e-06
82,0.67093,0,0.67093,5.68853e-06
83,0.67093,0,0.67093,5.68853e-06
84,0.67093,0,0.67093,5.68853e-06
85,0.67093,0,0.67093,5.68853e-06
86,0.67093,0,0.67093,5.68853e-06
87,0.67093,0,0.67093,5.68853e-06
88,0.67093,0,0.67093,5.68853e-06
89,0.67093,0,0.67093,5.68853e-06
90,0.67093,0,0.67093,5.68853e-06
91,0.67093,0,0.67093,5.68853e-06
92,0.67093,0,0.67093,5.68853e-06
93,0.67093,0,0.67093,5.68853e-06
94,0.67093,0,0.67093,5.68853e-06
95,0.67093,0,0.67093,5.68853e-06
96,0.67093,0,0.67093,5.68853e-06
97,0.67093,0,0.67093,5.68853e-06
98,0.67093,0,0.67093,5.68853e-06
99,0.67093,0,0.67093,5.68853e-06
100,0.659768,0,0.659768,5.68853e-06
101,0.659768,0,0.659768,5.68853e-06
102,0.659768,0,0.659768,5.68853e-06
103,0.659768,0,0.659768,5.68853e-06
104,0.659768,0,0.659768,5.68853e-06
105,0.659768,0,0.659768,5.68853e-06
106,0.659768,0,0.659768,5.68853e-06
107,0.659768,0,0.659768,5.68853e-06
108,0.659768,0,0.659768,5.68853e-06
109,0.659768,0,0.659768,5.68853e-06
110,0.616118,0,0.616118,5.68853e-06
111,0.616118,0,0.616118,5.68853e-06
112,0.616118,0,0.616118,5.68853e-06
113,0.616118,0,0.616118,5.68853e-06
114,0.616118,0,0.616118,5.68853e-06
115,0.616118,0,0.616118,5.68853e-06
116,0.616121,0,0.616121,5.68853e-06
117,0.616118,0,0.616118,5.68853e-06
118,0.616121,0,0.616121,5.68853e-06
119,0.616118,0,0.616118,5.68853e-06
120,0.616118,0,0.616118,5.68853e-06
121,0.616118,0,0.616118,5.68853e-06
122,0.616118,0,0.616118,5.68853e-06
123,0.616118,0,0.616118,5.68853e-06
124,0.61612,0,0.61612,5.68853e-06
125,0.64266,0,0.64266,5.68853e-06
126,0.64266,0,0.64266,5.68853e-06
127,0.64266,0,0.64266,5.68853e-06
128,0.64266,0,0.64266,5.68853e-06
129,0.64266,0,0.64266,5.68853e-06
130,0.64266,0,0.64266,5.68853e-06
131,0.64266,0,0.64266,5.68853e-06
132,0.623032,0,0.623032,5.68853e-06
133,0.623032,0,0.623032,5.68853e-06
134,0.623032,0,0.623032,5.68853e-06
135,0.623032,0,0.623032,5.68853e-06
136,0.623032,0,0.623032,5.68853e-06
137,0.623032,0,0.623032,5.68853e-06
138,0.623032,0,0.623032,5.68853e-06
139,0.623032,0,0.623032,5.68853e-06
140,0.623032,0,0.623032,5.68853e-06
141,0.623032,0,0.623032,5.68853e-06
142,0.623032,0,0.623032,5.68853e-06
143,0.623032,0,0.623032,5.68853e-06
144,0.623032,0,0.623032,5.68853e-06
145,0.623032,0,0.623032,5.68853e-06
146,0.623032,0,0.623032,5.68853e-06
147,0.623032,0,0.623032,5.68853e-06
148,0.623032,0,0.623032,5.68853e-06
149,0.623032,0,0.623032,5.68853e-06
150,0.462326,0,0.462326,5.68853e-06
151,0.462326,0,0.462326,5.68853e-06
152,0.333554,0,0.333554,5.68853e-06
153,0.333181,0,0.333181,5.68853e-06
154,0.333143,0,0.333143,5.68853e-06
155,0.333158,0,0.333158,5.68853e-06
156,0.333141,0,0.333141,5.68853e-06
157,0.333139,0,0.333139,5.68853e-06
158,0.333139,0,0.333139,5.68853e-06
159,0.333168,0,0.333168,5.68853e-06
160,0.333139,0,0.333139,5.68853e-06
161,0.333139,0,0.333139,5.68853e-06
162,0.333144,0,0.333144,5.68853e-06
163,0.33314,0,0.33314,5.68853e-06
164,0.333139,0,0.333139,5.68853e-06
165,0.336365,0,0.336365,5.68853e-06
166,0.333177,0,0.333177,5.68853e-06
167,0.333143,0,0.333143,5.68853e-06
168,0.33314,0,0.33314,5.68853e-06
169,0.333139,0,0.333139,5.68853e-06
170,0.333139,0,0.333139,5.68853e-06
171,0.333244,0,0.333244,5.68853e-06
172,0.333159,0,0.333159,5.68853e-06
173,0.333141,0,0.333141,5.68853e-06
174,0.318354,0,0.318354,5.68853e-06
175,12.8085,0,12.8085,5.68853e-06
176,12.804,0,12.804,5.68853e-06
177,12.8037,0,12.8037,5.68853e-06
178,12.8036,0,12.8036,5.68853e-06
179,12.8036,0,12.8036,5.68853e-06
180,12.8036,0,12.8036,5.68853e-06
181,12.8036,0,12.8036,5.68853e-06
182,12.8036,0,12.8036,5.68853e-06
183,12.8036,0,12.8036,5.68853e-06
184,12.8036,0,12.8036,5.68853e-06
185,12.8036,0,12.8036,5.68853e-06
186,12.8036,0,12.8036,5.68853e-06
187,12.8036,0,12.8036,5.68853e-06
188,12.8036,0,12.8036,5.68853e-06
189,12.8036,0,12.8036,5.68853e-06
190,12.8036,0,12.8036,5.68853e-06
191,12.8036,0,12.8036,5.68853e-06
192,12.8036,0,12.8036,5.68853e-06
193,12.8036,0,12.8036,5.68853e-06
194,12.8036,0,12.8036,5.68853e-06
195,12.8036,0,12.8036,5.68853e-06
196,12.8036,0,12.8036,5.68853e-06
197,12.8036,0,12.8036,5.68853e-06
198,12.8036,0,12.8036,5.68853e-06
199,12.8036,0,12.8036,5.68853e-06
