t,u
0.0,0.0
0.0012012012012012011,0.0012012014957507179
0.0024024024024024023,0.0024024047470504574
0.0036036036036036032,0.0036036114861596517
0.004804804804804805,0.004804823545173354
0.006006006006006006,0.00600604275618662
0.0072072072072072065,0.007207270951703002
0.008408408408408409,0.008408510006615825
0.00960960960960961,0.009609761773202663
0.01081081081081081,0.010811028210606106
0.012012012012012012,0.012012311277968757
0.013213213213213212,0.0132136129344332
0.014414414414414413,0.014414935199951458
0.015615615615615615,0.015616280003984299
0.016816816816816817,0.016817649440603148
0.018018018018018018,0.01801904561158779
0.01921921921921922,0.019220470618718025
0.02042042042042042,0.02042192656377364
0.02162162162162162,0.021623415608204067
0.022822822822822823,0.02282493984407782
0.024024024024024024,0.02402650150521433
0.025225225225225224,0.025228102846484635
0.026426426426426425,0.02642974612275977
0.027627627627627625,0.027631433588910768
0.028828828828828826,0.028833167551232358
0.03003003003003003,0.03003495025976742
0.03123123123123123,0.03123678408631042
0.032432432432432434,0.03243867143895809
0.033633633633633635,0.03364061472580713
0.034834834834834835,0.03484261635495426
0.036036036036036036,0.03604467877782553
0.037237237237237236,0.03724680440454479
0.03843843843843844,0.03844899574290256
0.03963963963963964,0.03965125535440306
0.04084084084084084,0.04085358580055055
0.04204204204204204,0.04205598964284925
0.04324324324324324,0.04325846950667784
0.04444444444444444,0.044461027931737646
0.04564564564564565,0.0456636675231062
0.04684684684684685,0.04686639101671831
0.04804804804804805,0.04806920114850877
0.04924924924924925,0.04927210065441239
0.05045045045045045,0.050475092270363994
0.05165165165165165,0.05167817873229838
0.05285285285285285,0.05288136290569514
0.05405405405405405,0.05408464744336268
0.05525525525525525,0.05528803525839147
0.05645645645645645,0.056491529275418347
0.05765765765765765,0.057695132419080176
0.05885885885885886,0.058898847614013816
0.06006006006006006,0.06010267778485611
0.06126126126126126,0.06130662592283826
0.06246246246246246,0.0625106949547176
0.06366366366366366,0.06371488786587563
0.06486486486486487,0.06491920777020455
0.06606606606606606,0.06612365778159651
0.06726726726726727,0.06732824101394375
0.06846846846846846,0.06853296058113838
0.06966966966966967,0.06973781959707265
0.07087087087087086,0.07094282130596588
0.07207207207207207,0.07214796873796296
0.07327327327327327,0.07335326518511051
0.07447447447447447,0.0745587139512273
0.07567567567567567,0.07576431834013207
0.07687687687687687,0.07697008165564356
0.07807807807807808,0.07817600720158054
0.07927927927927927,0.07938209834880658
0.08048048048048048,0.08058835840335567
0.08168168168168168,0.08179479072994987
0.08288288288288288,0.08300139882313227
0.08408408408408408,0.08420818617744595
0.08528528528528528,0.08541515628743403
0.08648648648648648,0.08662231264763956
0.08768768768768768,0.08782965875260568
0.08888888888888888,0.08903719822833639
0.09009009009009009,0.09024493448476019
0.0912912912912913,0.09145287119604488
0.09249249249249249,0.09266101204839093
0.0936936936936937,0.0938693607279989
0.09489489489489489,0.09507792092106924
0.0960960960960961,0.09628669631380252
0.09729729729729729,0.09749569066008762
0.0984984984984985,0.09870490764843193
0.09969969969969969,0.09991435102625428
0.1009009009009009,0.10112402467248986
0.10210210210210209,0.1023339324660738
0.1033033033033033,0.10354407828594123
0.1045045045045045,0.10475446601102731
0.1057057057057057,0.10596509952026717
0.1069069069069069,0.10717598291542953
0.1081081081081081,0.10838711983112738
0.10930930930930931,0.10959851434287021
0.1105105105105105,0.11081017054791714
0.11171171171171171,0.11202209254352731
0.1129129129129129,0.1132342844269598
0.11411411411411411,0.1144467502954738
0.1153153153153153,0.11565949424632836
0.11651651651651651,0.11687252037678267
0.11771771771771772,0.1180858330115804
0.11891891891891891,0.11929943605428454
0.12012012012012012,0.12051333379488739
0.12132132132132131,0.12172753056712565
0.12252252252252252,0.12294203070473608
0.12372372372372371,0.1241568385414554
0.12492492492492492,0.1253719584110204
0.12612612612612611,0.1265873946471677
0.12732732732732732,0.12780315158363414
0.12852852852852853,0.12901923376956756
0.12972972972972974,0.13023564536527862
0.13093093093093092,0.13145239087606017
0.13213213213213212,0.1326694748744981
0.13333333333333333,0.1338869019331782
0.13453453453453454,0.13510467662468634
0.13573573573573572,0.13632280352160833
0.13693693693693693,0.1375412871965301
0.13813813813813813,0.13876013222203748
0.13933933933933934,0.13997934337394344
0.14054054054054052,0.14119892507309556
0.14174174174174173,0.14241888204111208
0.14294294294294294,0.14363921909212682
0.14414414414414414,0.1448599410402736
0.14534534534534535,0.1460810526996863
0.14654654654654653,0.14730255888449872
0.14774774774774774,0.14852446440884476
0.14894894894894894,0.14974677408685824
0.15015015015015015,0.15096949292349526
0.15135135135135133,0.15219262560451194
0.15255255255255254,0.1534161770690136
0.15375375375375375,0.1546401523757295
0.15495495495495495,0.1558645565833891
0.15615615615615616,0.15708939475072173
0.15735735735735734,0.15831467193645676
0.15855855855855855,0.1595403931993236
0.15975975975975976,0.16076656359805158
0.16096096096096096,0.16199318836944662
0.16216216216216214,0.16322027246917475
0.16336336336336335,0.16444782105512679
0.16456456456456456,0.16567583943404568
0.16576576576576577,0.16690433291267456
0.16696696696696697,0.1681333067977564
0.16816816816816815,0.1693627663960343
0.16936936936936936,0.1705927170142513
0.17057057057057057,0.17182316395915043
0.17177177177177178,0.1730541127023344
0.17297297297297295,0.17428556847506144
0.17417417417417416,0.17551753665544118
0.17537537537537537,0.17675002280204183
0.17657657657657658,0.17798303247343172
0.17777777777777776,0.17921657122817913
0.17897897897897896,0.18045064462485244
0.18018018018018017,0.1816852582220199
0.18138138138138138,0.18292041757824978
0.1825825825825826,0.18415612840313972
0.18378378378378377,0.18539239620995937
0.18498498498498497,0.1866292265986016
0.18618618618618618,0.18786662538368865
0.1873873873873874,0.1891045983798428
0.18858858858858857,0.19034315140168637
0.18978978978978978,0.19158229026384163
0.19099099099099098,0.19282202078093086
0.1921921921921922,0.1940623487675764
0.1933933933933934,0.19530328017483015
0.19459459459459458,0.1965448208051902
0.19579579579579579,0.1977869764820229
0.196996996996997,0.19902975328067515
0.1981981981981982,0.20027315727649384
0.19939939939939938,0.20151719454482583
0.2006006006006006,0.2027618711610181
0.2018018018018018,0.2040071932004175
0.203003003003003,0.20525316673837093
0.20420420420420418,0.2064997979711151
0.2054054054054054,0.20774709299845778
0.2066066066066066,0.2089950578690472
0.2078078078078078,0.21024369892409325
0.209009009009009,0.21149302250480584
0.2102102102102102,0.21274303495239488
0.2114114114114114,0.21399374260807036
0.2126126126126126,0.21524515181304218
0.2138138138138138,0.21649726890852022
0.215015015015015,0.2177501003399357
0.2162162162162162,0.21900365251342485
0.2174174174174174,0.2202579317048341
0.21861861861861862,0.22151294452686973
0.21981981981981982,0.22276869759223808
0.221021021021021,0.22402519751364533
0.2222222222222222,0.2252824509037979
0.22342342342342342,0.226540464375402
0.22462462462462462,0.22779924454116396
0.2258258258258258,0.22905879810000626
0.227027027027027,0.23031913177442934
0.22822822822822822,0.23158025206948998
0.22942942942942943,0.23284216587554765
0.2306306306306306,0.2341048800829618
0.2318318318318318,0.23536840158209185
0.23303303303303302,0.23663273726329728
0.23423423423423423,0.23789789401693753
0.23543543543543544,0.23916387873337205
0.23663663663663662,0.24043069836960534
0.23783783783783782,0.241698359975642
0.23903903903903903,0.2429668702878418
0.24024024024024024,0.24423623648092763
0.24144144144144142,0.24550646572962237
0.24264264264264263,0.24677756520864894
0.24384384384384383,0.24804954209273022
0.24504504504504504,0.24932240355658913
0.24624624624624625,0.25059615677494856
0.24744744744744743,0.2518708089677849
0.24864864864864863,0.2531463675249471
0.24984984984984984,0.25442283941625243
0.251051051051051,0.2557002321080827
0.25225225225225223,0.2569785530668198
0.25345345345345344,0.25825780975884566
0.25465465465465464,0.25953800965054213
0.25585585585585585,0.26081916020829105
0.25705705705705706,0.2621012688984743
0.25825825825825827,0.26338434320923365
0.2594594594594595,0.26466839088390703
0.2606606606606606,0.2659534191279644
0.26186186186186183,0.2672394357073608
0.26306306306306304,0.26852644838805156
0.26426426426426425,0.26981446493599165
0.26546546546546546,0.2711034931171364
0.26666666666666666,0.27239354069744076
0.26786786786786787,0.27368461544286005
0.2690690690690691,0.27497672511934934
0.2702702702702703,0.2762698778263547
0.27147147147147144,0.27756408101965446
0.27267267267267264,0.2788593427691971
0.27387387387387385,0.28015567114907974
0.27507507507507506,0.2814530742333994
0.27627627627627627,0.2827515600962532
0.2774774774774775,0.28405113681173827
0.2786786786786787,0.2853518124539517
0.2798798798798799,0.2866535950969906
0.28108108108108104,0.2879564931394543
0.28228228228228225,0.2892605143631907
0.28348348348348346,0.29056566712688037
0.28468468468468466,0.291871959822023
0.28588588588588587,0.2931794008401185
0.2870870870870871,0.2944879985726667
0.2882882882882883,0.2957977614111675
0.2894894894894895,0.29710869774712056
0.2906906906906907,0.2984208159720259
0.29189189189189185,0.29973412479248823
0.29309309309309306,0.30104863232801515
0.29429429429429427,0.3023643472328642
0.2954954954954955,0.303681278225931
0.2966966966966967,0.3049994340261111
0.2978978978978979,0.3063188233523003
0.2990990990990991,0.3076394549233941
0.3003003003003003,0.30896133745828824
0.3015015015015015,0.31028447967587824
0.30270270270270266,0.31160889060017694
0.30390390390390387,0.3129345787011401
0.3051051051051051,0.3142615529357934
0.3063063063063063,0.3155898223611963
0.3075075075075075,0.31691939603440844
0.3087087087087087,0.31825028301248937
0.3099099099099099,0.31958249235249864
0.3111111111111111,0.3209160331114958
0.3123123123123123,0.3222509143465404
0.3135135135135135,0.3235871454090286
0.3147147147147147,0.3249247351334514
0.3159159159159159,0.32626369278713674
0.3171171171171171,0.32760402777689707
0.3183183183183183,0.3289457495095445
0.3195195195195195,0.3302888673918915
0.3207207207207207,0.3316333908307502
0.3219219219219219,0.33297932923293294
0.32312312312312313,0.33432669200525206
0.3243243243243243,0.33567548883705844
0.3255255255255255,0.3370257289428732
0.3267267267267267,0.3383774219081993
0.3279279279279279,0.33973057750206
0.3291291291291291,0.3410852054934785
0.3303303303303303,0.34244131565147806
0.33153153153153153,0.3437989177450819
0.33273273273273274,0.34515802154331326
0.33393393393393395,0.3465186368151954
0.3351351351351351,0.3478807735992246
0.3363363363363363,0.34924444150697553
0.3375375375375375,0.35060965045032927
0.3387387387387387,0.3519764105738998
0.33993993993993993,0.35334473202230093
0.34114114114114114,0.35471462494014666
0.34234234234234234,0.356086099472051
0.34354354354354355,0.3574591657626278
0.3447447447447447,0.358833833956491
0.3459459459459459,0.36021011445311396
0.3471471471471471,0.361588017279812
0.3483483483483483,0.3629675526833663
0.34954954954954953,0.36434873119833866
0.35075075075075074,0.36573156335929075
0.35195195195195195,0.3671160597007843
0.35315315315315315,0.3685022307573811
0.35435435435435436,0.36989008706364285
0.3555555555555555,0.37127963915413115
0.3567567567567567,0.37267089780179186
0.35795795795795793,0.37406387347017883
0.35915915915915914,0.37545857674980004
0.36036036036036034,0.37685501858055925
0.36156156156156155,0.3782532099023602
0.36276276276276276,0.3796531616551067
0.36396396396396397,0.3810548847787024
0.3651651651651652,0.3824583902130512
0.3663663663663663,0.3838636888980567
0.36756756756756753,0.38527079199331765
0.36876876876876874,0.38667971042109917
0.36996996996996995,0.38809045512474805
0.37117117117117115,0.3895030374660057
0.37237237237237236,0.39091746880661327
0.37357357357357357,0.3923337605083123
0.3747747747747748,0.39375192393284403
0.375975975975976,0.3951719704419498
0.37717717717717714,0.3965939113973709
0.37837837837837834,0.3980177583592458
0.37957957957957955,0.39944352273317957
0.38078078078078076,0.40087121582473123
0.38198198198198197,0.4023008494351456
0.3831831831831832,0.40373243536566733
0.3843843843843844,0.4051659854175412
0.3855855855855856,0.4066015113920117
0.3867867867867868,0.4080390250903238
0.38798798798798795,0.40947853831372205
0.38918918918918916,0.410920063037498
0.39039039039039036,0.4123636111775811
0.39159159159159157,0.4138091944113486
0.3927927927927928,0.41525682499845895
0.393993993993994,0.4167065151985702
0.3951951951951952,0.41815827727134064
0.3963963963963964,0.41961212347642846
0.3975975975975976,0.42106806607349184
0.39879879879879876,0.422526117322189
0.39999999999999997,0.42398628962832297
0.4012012012012012,0.42544859544771013
0.4024024024024024,0.42691304683934883
0.4036036036036036,0.428379656541545
0.4048048048048048,0.4298484372926046
0.406006006006006,0.43131940183083345
0.4072072072072072,0.4327925628945376
0.40840840840840836,0.4342679332220229
0.40960960960960957,0.4357455255515953
0.4108108108108108,0.4372253527356904
0.412012012012012,0.43870742780239724
0.4132132132132132,0.44019176320229236
0.4144144144144144,0.4416783721739734
0.4156156156156156,0.44316726795603817
0.4168168168168168,0.4446584637870844
0.418018018018018,0.4461519729057099
0.4192192192192192,0.4476478085505124
0.4204204204204204,0.4491459839600897
0.4216216216216216,0.4506465124504088
0.4228228228228228,0.45214940765731354
0.424024024024024,0.4536546824330186
0.4252252252252252,0.45516235053956017
0.4264264264264264,0.45667242573897443
0.4276276276276276,0.45818492179329756
0.42882882882882883,0.4596998524645658
0.43003003003003,0.4612172315148152
0.4312312312312312,0.46273707270608216
0.4324324324324324,0.46425938983555537
0.4336336336336336,0.46578419718571223
0.4348348348348348,0.4673115080205096
0.436036036036036,0.46884133665017097
0.43723723723723723,0.47037369738491985
0.43843843843843844,0.47190860453497974
0.43963963963963965,0.4734460724105741
0.4408408408408408,0.4749861153219264
0.442042042042042,0.4765287475792602
0.4432432432432432,0.47807398349279906
0.4444444444444444,0.4796218379943008
0.4456456456456456,0.48117232480950556
0.44684684684684683,0.4827254588099616
0.44804804804804804,0.4842812548805386
0.44924924924924925,0.4858397279061062
0.45045045045045046,0.48740089277153414
0.4516516516516516,0.488964764361692
0.4528528528528528,0.4905313575614496
0.454054054054054,0.4921006872556765
0.45525525525525523,0.4936727689451915
0.45645645645645644,0.4952476169544194
0.45765765765765765,0.49682524670220696
0.45885885885885885,0.4984056736763554
0.46006006006006006,0.49998891336466594
0.4612612612612612,0.5015749812549397
0.4624624624624624,0.503163892834978
0.4636636636636636,0.5047556635925818
0.46486486486486484,0.5063503090155526
0.46606606606606604,0.507947845200477
0.46726726726726725,0.509548287104749
0.46846846846846846,0.511151650716577
0.46966966966966966,0.5127579521569314
0.4708708708708709,0.5143672075467824
0.472072072072072,0.5159794330071004
0.47327327327327323,0.5175946446588555
0.47447447447447444,0.5192128586230182
0.47567567567567565,0.5208340910205587
0.47687687687687685,0.522458358572083
0.47807807807807806,0.5240856769053513
0.47927927927927927,0.5257160626009415
0.4804804804804805,0.527349532445319
0.4816816816816817,0.5289861032249491
0.48288288288288284,0.5306257917262972
0.48408408408408404,0.5322686147358289
0.48528528528528525,0.5339145890400094
0.48648648648648646,0.5355637314253042
0.48768768768768767,0.53721605926621
0.4888888888888889,0.5388715889016658
0.4900900900900901,0.5405303375285746
0.4912912912912913,0.5421923226334587
0.4924924924924925,0.5438575617028406
0.49369369369369365,0.5455260722232425
0.49489489489489485,0.5471978716811867
0.49609609609609606,0.5488729775631959
0.49729729729729727,0.5505514073557922
0.4984984984984985,0.5522331791189335
0.4996996996996997,0.5539183099473044
0.5009009009009009,0.5556068176790332
0.502102102102102,0.5572987205376565
0.5033033033033033,0.5589940367467112
0.5045045045045045,0.5606927845297339
0.5057057057057057,0.5623949821102614
0.5069069069069069,0.5641006477118303
0.5081081081081081,0.5658097995579777
0.5093093093093093,0.567522456427473
0.5105105105105104,0.5692386362194434
0.5117117117117117,0.5709583574390772
0.5129129129129129,0.5726816390864514
0.5141141141141141,0.5744085001616435
0.5153153153153153,0.5761389596647305
0.5165165165165165,0.5778730365957899
0.5177177177177177,0.5796107499548988
0.518918918918919,0.5813521187421347
0.5201201201201201,0.5830971624902939
0.5213213213213213,0.5848458999561926
0.5225225225225225,0.5865983503388295
0.5237237237237237,0.5883545334571046
0.5249249249249249,0.590114469129919
0.5261261261261261,0.5918781771761731
0.5273273273273273,0.5936456774147677
0.5285285285285285,0.5954169896646032
0.5297297297297298,0.5971921337445806
0.5309309309309309,0.5989711299786864
0.5321321321321321,0.6007539980396915
0.5333333333333333,0.6025407578480414
0.5345345345345345,0.6043314300867031
0.5357357357357357,0.6061260354386446
0.5369369369369369,0.6079245945868332
0.5381381381381382,0.6097271282142368
0.5393393393393393,0.6115336570038227
0.5405405405405406,0.6133442016385587
0.5417417417417417,0.6151587832728207
0.5429429429429429,0.6169774225591422
0.5441441441441441,0.6188001401678969
0.5453453453453453,0.6206269576945449
0.5465465465465466,0.6224578967345473
0.5477477477477477,0.6242929788833645
0.548948948948949,0.6261322257364577
0.5501501501501501,0.6279756588892869
0.5513513513513514,0.6298232999373132
0.5525525525525525,0.6316751709066227
0.5537537537537537,0.6335312934994477
0.554954954954955,0.6353916891653607
0.5561561561561561,0.637256380464165
0.5573573573573574,0.6391253899556645
0.5585585585585585,0.6409987401996624
0.5597597597597598,0.6428764537559627
0.5609609609609609,0.6447585531843688
0.5621621621621621,0.6466450610446843
0.5633633633633633,0.6485360002782374
0.5645645645645645,0.6504313937136768
0.5657657657657658,0.6523312636097613
0.5669669669669669,0.6542356335461735
0.5681681681681682,0.6561445271025962
0.5693693693693693,0.6580579678587116
0.5705705705705706,0.6599759793942027
0.5717717717717717,0.6618985852887517
0.5729729729729729,0.6638258091220414
0.5741741741741742,0.6657576747964699
0.5753753753753753,0.6676942063513361
0.5765765765765766,0.6696354268851972
0.5777777777777777,0.6715813610571223
0.578978978978979,0.6735320335261817
0.5801801801801801,0.6754874689514448
0.5813813813813814,0.6774476919919818
0.5825825825825826,0.6794127273068621
0.5837837837837837,0.6813825995551556
0.584984984984985,0.6833573336485411
0.5861861861861861,0.6853369549295385
0.5873873873873874,0.6873214873676218
0.5885885885885885,0.6893109567650394
0.5897897897897898,0.6913053889240409
0.590990990990991,0.693304809646875
0.5921921921921922,0.6953092447357911
0.5933933933933934,0.6973187199930378
0.5945945945945945,0.6993332612208645
0.5957957957957958,0.701352894297862
0.5969969969969969,0.7033776455979098
0.5981981981981982,0.7054075409667234
0.5993993993993993,0.7074426072438593
0.6006006006006006,0.7094828712688748
0.6018018018018018,0.7115283598813266
0.603003003003003,0.7135790999207721
0.6042042042042042,0.7156351183380504
0.6054054054054053,0.7176964423410931
0.6066066066066066,0.719763098703684
0.6078078078078077,0.7218351152365554
0.609009009009009,0.7239125197504402
0.6102102102102102,0.7259953400560705
0.6114114114114114,0.7280836039641793
0.6126126126126126,0.7301773394349349
0.6138138138138138,0.7322765745962787
0.615015015015015,0.7343813372712069
0.6162162162162161,0.7364916562868137
0.6174174174174174,0.7386075604701929
0.6186186186186186,0.7407290786484382
0.6198198198198198,0.7428562396486438
0.621021021021021,0.7449890724877396
0.6222222222222222,0.7471276062578517
0.6234234234234234,0.7492718698805202
0.6246246246246246,0.7514218932469263
0.6258258258258258,0.7535777062482505
0.627027027027027,0.7557393387756737
0.6282282282282282,0.757906820720377
0.6294294294294294,0.7600801822062445
0.6306306306306306,0.7622594533362459
0.6318318318318318,0.7644446641826038
0.633033033033033,0.7666358457510112
0.6342342342342342,0.7688330290471602
0.6354354354354355,0.7710362450767441
0.6366366366366366,0.7732455248454547
0.6378378378378378,0.7754608996372684
0.639039039039039,0.777682400615291
0.6402402402402402,0.7799100590575534
0.6414414414414414,0.7821439071375551
0.6426426426426426,0.784383977028795
0.6438438438438439,0.786630300904773
0.645045045045045,0.7888829109389879
0.6462462462462463,0.7911418396317865
0.6474474474474474,0.793407119258499
0.6486486486486486,0.7956787823612699
0.6498498498498498,0.7979568623377533
0.651051051051051,0.8002413925856032
0.6522522522522523,0.8025324065024744
0.6534534534534534,0.8048299374860206
0.6546546546546547,0.8071340193125952
0.6558558558558558,0.8094446854248067
0.6570570570570571,0.8117619696906047
0.6582582582582582,0.8140859067913959
0.6594594594594594,0.8164165314085883
0.6606606606606606,0.8187538782235892
0.6618618618618618,0.8210979819178059
0.6630630630630631,0.8234488776068224
0.6642642642642642,0.8258065999587253
0.6654654654654655,0.8281711842325717
0.6666666666666666,0.8305426664565813
0.6678678678678679,0.8329210826589746
0.669069069069069,0.8353064688679711
0.6702702702702702,0.8376988611117913
0.6714714714714715,0.8400982959123104
0.6726726726726726,0.8425048092246357
0.6738738738738739,0.8449184377680843
0.675075075075075,0.8473392189844361
0.6762762762762763,0.849767190315472
0.6774774774774774,0.8522023892029718
0.6786786786786786,0.8546448530887159
0.6798798798798799,0.8570946199720403
0.681081081081081,0.859551727160161
0.6822822822822823,0.8620162129059187
0.6834834834834834,0.8644881161353329
0.6846846846846847,0.8669674757744246
0.6858858858858858,0.8694543307492133
0.6870870870870871,0.8719487199857198
0.6882882882882883,0.8744506830363082
0.6894894894894894,0.876960258629161
0.6906906906906907,0.8794774866282936
0.6918918918918918,0.88200240751884
0.6930930930930931,0.8845350617859348
0.6942942942942942,0.8870754899147117
0.6954954954954955,0.8896237323903058
0.6966966966966966,0.8921798303983948
0.6978978978978979,0.8947438241609857
0.6990990990990991,0.8973157552356116
0.7003003003003002,0.8998956657458721
0.7015015015015015,0.9024835978153669
0.7027027027027026,0.905079593567695
0.7039039039039039,0.907683695126456
0.705105105105105,0.9102959453959864
0.7063063063063063,0.9129163861692272
0.7075075075075075,0.9155450607845904
0.7087087087087087,0.918182013088273
0.7099099099099099,0.9208272869264708
0.711111111111111,0.9234809261453809
0.7123123123123123,0.9261429745911999
0.7135135135135134,0.9288134769776978
0.7147147147147147,0.9314924767503798
0.7159159159159159,0.9341800191212654
0.7171171171171171,0.9368761497483893
0.7183183183183183,0.9395809142897855
0.7195195195195195,0.9422943584034891
0.7207207207207207,0.945016527747534
0.7219219219219218,0.9477474689417353
0.7231231231231231,0.9504872271705944
0.7243243243243243,0.9532358496182172
0.7255255255255255,0.9559933838491794
0.7267267267267267,0.9587598774280558
0.7279279279279279,0.9615353779194219
0.7291291291291291,0.9643199328878524
0.7303303303303303,0.9671135909620924
0.7315315315315315,0.9699163991571764
0.7327327327327327,0.9727284067339399
0.7339339339339339,0.975549663264045
0.7351351351351351,0.9783802183191532
0.7363363363363363,0.9812201214709267
0.7375375375375375,0.9840694222910272
0.7387387387387387,0.9869281715267644
0.7399399399399399,0.9897964181206756
0.7411411411411412,0.9926742135215753
0.7423423423423423,0.9955616094150123
0.7435435435435435,0.9984586574865363
0.7447447447447447,1.0013654094216973
0.7459459459459459,1.004281916906044
0.7471471471471471,1.0072082329223568
0.7483483483483483,1.0101444084434181
0.7495495495495496,1.0130904972243644
0.7507507507507507,1.0160465531781322
0.751951951951952,1.0190126302176596
0.7531531531531531,1.021988782255883
0.7543543543543543,1.0249750632057404
0.7555555555555555,1.0279715284102213
0.7567567567567567,1.0309782309812399
0.757957957957958,1.0339952271062145
0.7591591591591591,1.0370225730461504
0.7603603603603604,1.0400603250620533
0.7615615615615615,1.0431085394149278
0.7627627627627628,1.0461672723821762
0.7639639639639639,1.0492365817509992
0.7651651651651651,1.0523165229370524
0.7663663663663663,1.055407154677789
0.7675675675675675,1.058508535710662
0.7687687687687688,1.0616207247731257
0.7699699699699699,1.0647437806026328
0.7711711711711712,1.06787776204933
0.7723723723723723,1.0710227292472407
0.7735735735735736,1.0741787402778378
0.7747747747747747,1.077345856491665
0.7759759759759759,1.0805241392392662
0.7771771771771772,1.0837136498711861
0.7783783783783783,1.0869144497379684
0.7795795795795796,1.0901266004060686
0.7807807807807807,1.0933501644877353
0.781981981981982,1.0965852028807999
0.7831831831831831,1.0998317796944113
0.7843843843843844,1.1030899590377192
0.7855855855855856,1.106359805019873
0.7867867867867867,1.1096413817500226
0.787987987987988,1.1129347536640493
0.7891891891891891,1.1162399859924441
0.7903903903903904,1.1195571426098567
0.7915915915915915,1.1228862905390893
0.7927927927927928,1.126227496802945
0.793993993993994,1.129580828424226
0.7951951951951952,1.132946352425735
0.7963963963963964,1.1363241362761913
0.7975975975975975,1.1397142479735924
0.7987987987987988,1.1431167545405387
0.7999999999999999,1.1465317260787824
0.8012012012012012,1.149959232690077
0.8024024024024023,1.1533993444761748
0.8036036036036036,1.1568521315388296
0.8048048048048048,1.1603176645541142
0.8060060060060059,1.1637960144467252
0.8072072072072072,1.1672872515698351
0.8084084084084083,1.170791449280472
0.8096096096096096,1.1743086809356647
0.8108108108108107,1.1778390198924409
0.812012012012012,1.1813825395078297
0.8132132132132132,1.18493931385176
0.8144144144144144,1.1885094169454884
0.8156156156156156,1.192092922667761
0.8168168168168167,1.19568990781908
0.818018018018018,1.1993004491999475
0.8192192192192191,1.202924623610865
0.8204204204204204,1.206562507852335
0.8216216216216216,1.2102141795875958
0.8228228228228228,1.213879716115787
0.824024024024024,1.2175591950495825
0.8252252252252252,1.221252696833949
0.8264264264264264,1.224960301913851
0.8276276276276275,1.2286820907342548
0.8288288288288288,1.2324181437401263
0.83003003003003,1.2361685424014672
0.8312312312312312,1.2399333674889574
0.8324324324324324,1.243712700571957
0.8336336336336336,1.2475066259546783
0.8348348348348348,1.2513152279413324
0.836036036036036,1.2551385908361317
0.8372372372372372,1.258976798943287
0.8384384384384383,1.2628299371393117
0.8396396396396396,1.2666980906453564
0.8408408408408408,1.2705813460613045
0.842042042042042,1.274479791191833
0.8432432432432432,1.2783935138416178
0.8444444444444444,1.282322601936368
0.8456456456456456,1.2862671442640028
0.8468468468468469,1.2902272292480774
0.848048048048048,1.2942029479690493
0.8492492492492492,1.2981943915073775
0.8504504504504504,1.3022016509435201
0.8516516516516516,1.3062248183049994
0.8528528528528528,1.3102639848744757
0.854054054054054,1.3143192446609349
0.8552552552552553,1.3183906921715485
0.8564564564564564,1.3224784219134866
0.8576576576576577,1.3265825289791624
0.8588588588588588,1.3307031082699514
0.86006006006006,1.334840256375754
0.8612612612612612,1.338994071389542
0.8624624624624624,1.343164651404286
0.8636636636636636,1.3473520946389164
0.8648648648648648,1.3515565003378158
0.8660660660660661,1.3557779672607055
0.8672672672672672,1.3600165972541074
0.8684684684684685,1.3642724921645437
0.8696696696696696,1.3685457538385362
0.8708708708708708,1.372836485198653
0.872072072072072,1.3771447883220138
0.8732732732732732,1.3814707683939962
0.8744744744744745,1.3858145311916306
0.8756756756756756,1.3901761824919459
0.8768768768768769,1.3945558287334219
0.878078078078078,1.3989535761550838
0.8792792792792793,1.4033695328931846
0.8804804804804804,1.4078038088420042
0.8816816816816816,1.412256513895823
0.8828828828828829,1.4167277580789406
0.884084084084084,1.4212176526381004
0.8852852852852853,1.4257263081847302
0.8864864864864864,1.4302538389275117
0.8876876876876877,1.4348003590751286
0.8888888888888888,1.4393659828362624
0.8900900900900901,1.4439508256460132
0.8912912912912913,1.448555001976961
0.8924924924924924,1.4531786298561091
0.8936936936936937,1.457821828014771
0.8948948948948948,1.4624847151842595
0.8960960960960961,1.4671674108456483
0.8972972972972972,1.471870034273551
0.8984984984984985,1.4765927068793785
0.8996996996996997,1.4813355521370948
0.9009009009009009,1.4860986935206655
0.9021021021021021,1.4908822546368117
0.9033033033033032,1.4956863605532063
0.9045045045045045,1.5005111355134448
0.9057057057057056,1.5053567079667243
0.9069069069069069,1.5102232063622423
0.908108108108108,1.515110759149196
0.9093093093093093,1.5200194961791624
0.9105105105105105,1.5249495462044484
0.9117117117117117,1.5299010420548829
0.9129129129129129,1.5348741174008622
0.914114114114114,1.5398689059127835
0.9153153153153153,1.5448855421134997
0.9165165165165164,1.5499241603146001
0.9177177177177177,1.5549848972402582
0.9189189189189189,1.5600678920423092
0.9201201201201201,1.5651732838725902
0.9213213213213213,1.570301212016491
0.9225225225225224,1.575451817510139
0.9237237237237237,1.580625240328845
0.9249249249249248,1.5858216253813489
0.9261261261261261,1.591041117576392
0.9273273273273273,1.5962838618227153
0.9285285285285285,1.601550004638162
0.9297297297297297,1.606839691280945
0.9309309309309309,1.6121530717024672
0.9321321321321321,1.6174902968600915
0.9333333333333332,1.6228515177111813
0.9345345345345345,1.628236886185429
0.9357357357357357,1.6336465539997322
0.9369369369369369,1.639080675602009
0.9381381381381381,1.6445394083073175
0.9393393393393393,1.6500229094307177
0.9405405405405405,1.655531336418845
0.9417417417417417,1.6610648488224862
0.9429429429429429,1.6666236048342402
0.944144144144144,1.6722077684544812
0.9453453453453453,1.6778175036835827
0.9465465465465465,1.6834529745219178
0.9477477477477477,1.689114346822828
0.9489489489489489,1.6948017849912151
0.9501501501501501,1.700515458852726
0.9513513513513513,1.7062555394404928
0.9525525525525526,1.7120221977876495
0.9537537537537537,1.717815606040128
0.9549549549549549,1.7236359361342755
0.9561561561561561,1.7294833631062865
0.9573573573573573,1.7353580653907077
0.9585585585585585,1.7412602214220878
0.9597597597597597,1.747190009760674
0.960960960960961,1.753147611503583
0.9621621621621621,1.7591332060154903
0.9633633633633634,1.765146979523715
0.9645645645645645,1.7711891182555737
0.9657657657657657,1.777259808438385
0.9669669669669669,1.7833592384413732
0.9681681681681681,1.7894875949620652
0.9693693693693693,1.7956450709821767
0.9705705705705705,1.8018318609374624
0.9717717717717718,1.8080481592636795
0.9729729729729729,1.814294161674674
0.9741741741741742,1.8205700636846378
0.9753753753753753,1.8268760643362063
0.9765765765765765,1.8332123667152938
0.9777777777777777,1.8395791739078142
0.9789789789789789,1.8459766891140867
0.9801801801801802,1.8524051186033537
0.9813813813813813,1.858864666440255
0.9825825825825826,1.8653555448305184
0.9837837837837837,1.8718779659798683
0.984984984984985,1.878432142094032
0.9861861861861861,1.8850182878645556
0.9873873873873873,1.891636616046104
0.9885885885885886,1.8982873467068575
0.9897897897897897,1.9049707016719792
0.990990990990991,1.9116869027666343
0.9921921921921921,1.9184361732894253
0.9933933933933934,1.9252187363586528
0.9945945945945945,1.9320348191208183
0.9957957957957958,1.9388846535523268
0.996996996996997,1.94576847162958
0.9981981981981981,1.9526865054246236
0.9993993993993994,1.959638990735549
1.0006006006006005,1.9666261605584576
1.0018018018018018,1.9736482575873606
1.003003003003003,1.9807055245162666
1.004204204204204,1.987798204039184
1.0054054054054054,1.9949265417472848
1.0066066066066066,2.0020907809783575
1.0078078078078077,2.009291173616618
1.009009009009009,2.0165279736772077
1.0102102102102102,2.0238014351752636
1.0114114114114114,2.0311118138313007
1.0126126126126125,2.038459365217974
1.0138138138138137,2.045844349520968
1.015015015015015,2.053267032720038
1.0162162162162163,2.060727680794942
1.0174174174174173,2.068226559792063
1.0186186186186186,2.0757639402992885
1.0198198198198198,2.083340089344194
1.0210210210210209,2.090955285557666
1.0222222222222221,2.098609807570594
1.0234234234234234,2.1063039340138636
1.0246246246246247,2.114037946910024
1.0258258258258257,2.1218121256485944
1.027027027027027,2.129626759649702
1.0282282282282282,2.13748214092821
1.0294294294294293,2.145378561498981
1.0306306306306305,2.15331631535898
1.0318318318318318,2.1612956964078625
1.033033033033033,2.1693170038452294
1.034234234234234,2.1773805438527156
1.0354354354354354,2.1854866226119607
1.0366366366366366,2.193635546315135
1.037837837837838,2.2018276249062967
1.039039039039039,2.2100631703959794
1.0402402402402402,2.2183425018034866
1.0414414414414415,2.226665938148118
1.0426426426426425,2.2350338009750605
1.0438438438438438,2.2434464129676015
1.045045045045045,2.2519041048320485
1.0462462462462463,2.2604072075911246
1.0474474474474473,2.2689560545774063
1.0486486486486486,2.277550980242479
1.0498498498498499,2.286192327435793
1.051051051051051,2.2948804397318123
1.0522522522522522,2.3036156628168754
1.0534534534534534,2.3123983434524082
1.0546546546546547,2.3212288371079954
1.0558558558558557,2.3301075004875815
1.057057057057057,2.339034692220872
1.0582582582582583,2.3480107719705683
1.0594594594594595,2.3570361083127778
1.0606606606606606,2.366111071689892
1.0618618618618618,2.37523603428826
1.063063063063063,2.3844113693188245
1.0642642642642641,2.3936374589588714
1.0654654654654654,2.4029146880313896
1.0666666666666667,2.4122434429166413
1.067867867867868,2.421624111082633
1.069069069069069,2.4310570888093777
1.0702702702702702,2.440542775977859
1.0714714714714715,2.450081573823775
1.0726726726726725,2.4596738848499164
1.0738738738738738,2.46932011994581
1.075075075075075,2.479020694765319
1.0762762762762763,2.4887760260854677
1.0774774774774774,2.4985865322983254
1.0786786786786786,2.508452639412974
1.0798798798798799,2.518374779610928
1.0810810810810811,2.5283533859207905
1.0822822822822822,2.538388893563946
1.0834834834834834,2.5484817441800147
1.0846846846846847,2.5586323872753707
1.0858858858858857,2.568841272864641
1.087087087087087,2.579108854033913
1.0882882882882883,2.589435588562524
1.0894894894894895,2.5998219441240993
1.0906906906906906,2.610268388477578
1.0918918918918918,2.620775393715416
1.093093093093093,2.631343434260845
1.0942942942942941,2.6419729968452743
1.0954954954954954,2.652664568200119
1.0966966966966967,2.663418639344493
1.097897897897898,2.674235703180842
1.099099099099099,2.6851162659935754
1.1003003003003002,2.6960608345137356
1.1015015015015015,2.707069919409759
1.1027027027027028,2.7181440332153413
1.1039039039039038,2.7292837025412195
1.105105105105105,2.7404894551146217
1.1063063063063063,2.751761822278905
1.1075075075075074,2.763101337177424
1.1087087087087086,2.7745085476308016
1.10990990990991,2.785984003417378
1.1111111111111112,2.7975282576295286
1.1123123123123122,2.8091418650907554
1.1135135135135135,2.820825395738771
1.1147147147147147,2.8325794225202863
1.1159159159159158,2.844404521400724
1.117117117117117,2.8563012700572386
1.1183183183183183,2.868270261473867
1.1195195195195196,2.880312092949508
1.1207207207207206,2.8924273644979297
1.1219219219219219,2.904616677938759
1.1231231231231231,2.91688065025154
1.1243243243243242,2.9292199043423004
1.1255255255255254,2.941635065500921
1.1267267267267267,2.9541267611074824
1.127927927927928,2.966695633103524
1.129129129129129,2.9793423313332097
1.1303303303303303,2.992067507643775
1.1315315315315315,3.0048718165384742
1.1327327327327328,3.0177559259013913
1.1339339339339338,3.0307205139272035
1.135135135135135,3.0437662603560476
1.1363363363363364,3.056893848539299
1.1375375375375374,3.070103973294241
1.1387387387387387,3.0833973426655565
1.13993993993994,3.0967746656766586
1.1411411411411412,3.110236656433936
1.1423423423423422,3.12378403768385
1.1435435435435435,3.137417548913867
1.1447447447447447,3.151137929876113
1.1459459459459458,3.164945927543002
1.147147147147147,3.1788422935857317
1.1483483483483483,3.1928278006273256
1.1495495495495496,3.20690322129081
1.1507507507507506,3.2210693358290627
1.1519519519519519,3.2353269277519856
1.1531531531531531,3.249676803976284
1.1543543543543544,3.264119772060564
1.1555555555555554,3.2786566466049183
1.1567567567567567,3.2932882454614956
1.157957957957958,3.3080154112455515
1.159159159159159,3.3228389883663536
1.1603603603603603,3.337759827734541
1.1615615615615615,3.3527787834155034
1.1627627627627628,3.3678967354539955
1.1639639639639638,3.383114567148586
1.165165165165165,3.3984331677908264
1.1663663663663664,3.413853429711862
1.1675675675675674,3.429376272177054
1.1687687687687687,3.4450026195456633
1.16996996996997,3.4607334016720372
1.1711711711711712,3.476569551409786
1.1723723723723722,3.492512029094166
1.1735735735735735,3.508561802459222
1.1747747747747748,3.524719844219898
1.175975975975976,3.5409871302389204
1.177177177177177,3.5573646638259944
1.1783783783783783,3.573853458557586
1.1795795795795796,3.5904545324271866
1.1807807807807806,3.607168907052435
1.181981981981982,3.6239976306733306
1.1831831831831832,3.6409417653416853
1.1843843843843844,3.658002376871693
1.1855855855855855,3.6751805356739897
1.1867867867867867,3.6924773369207315
1.187987987987988,3.7098938939500807
1.189189189189189,3.727431321517755
1.1903903903903903,3.7450907445331465
1.1915915915915916,3.762873310916543
1.1927927927927928,3.7807801810788573
1.1939939939939939,3.7988125221601665
1.1951951951951951,3.81697151880512
1.1963963963963964,3.8352583746218563
1.1975975975975977,3.8536742994776256
1.1987987987987987,3.8722205194587236
1.2,3.890898281176486
